case_id,timestamp,price_total_amount,price_discount_percentage,price_payment_terms_days,price_margin_percentage,product_complexity_score,product_config_count,product_category,product_is_customized,organization_sales_region,organization_team_size,organization_partner_involved,organization_sales_channel,customer_industry,customer_company_size_employees,customer_annual_revenue_millions,customer_existing_client,win_loss_outcome
DEAL-001,2026-08-23T10:00:00Z,497598.76,0.059,90,0.248,2.3,4,Standard Modular,0,LATAM,2,0,Direct,Manufacturing,3911,1015.7,0,1
DEAL-002,2026-08-13T10:00:00Z,538697.58,0.169,60,0.236,7.9,4,Standard Modular,1,LATAM,3,1,Partner,Retail,4433,1616.2,1,1
DEAL-003,2026-08-22T10:00:00Z,512884.32,0.321,30,0.492,8.8,13,Cloud Platform,1,LATAM,12,1,Direct,Healthcare,5920,426.9,1,1
DEAL-004,2026-08-16T10:00:00Z,742666.35,0.274,60,0.424,8.6,25,Standard Modular,1,EMEA,2,1,Partner,Healthcare,1184,429.9,1,0
DEAL-005,2026-08-20T10:00:00Z,678476.02,0.19,60,0.549,2.2,16,Standard Modular,0,North America,3,0,Inside Sales,Manufacturing,13077,1364.2,0,1
DEAL-006,2026-08-25T10:00:00Z,588019.11,0.169,90,0.324,5.1,24,Cloud Platform,0,EMEA,10,0,Inside Sales,Healthcare,13889,1281.5,0,0
DEAL-007,2026-08-28T10:00:00Z,665105.31,0.341,90,0.246,3.2,19,Standard Modular,0,North America,9,0,Inside Sales,Manufacturing,2203,1322.9,0,0
DEAL-008,2026-08-03T10:00:00Z,356670.06,0.231,30,0.249,1.6,1,Enterprise Custom,0,EMEA,2,0,Inside Sales,Software,1064,465.6,0,1
DEAL-009,2026-08-24T10:00:00Z,220098.07,0.216,120,0.226,1.9,14,Cloud Platform,0,LATAM,8,1,Inside Sales,Logistics,11132,1310.4,0,0
DEAL-010,2026-08-13T10:00:00Z,345317.15,0.147,60,0.5,1.7,18,Standard Modular,0,North America,12,0,Direct,Manufacturing,2824,818.8,1,1
DEAL-011,2026-08-17T10:00:00Z,249674.46,0.294,120,0.212,3.7,2,Standard Modular,0,APAC,2,0,Inside Sales,Financial Services,8338,1839.6,0,0
DEAL-012,2026-08-21T10:00:00Z,133920.63,0.362,60,0.382,1.4,3,Hardware Hybrid,0,APAC,6,0,Inside Sales,Software,5247,485.0,1,0
DEAL-013,2026-08-18T10:00:00Z,426344.08,0.227,60,0.523,8.9,8,Cloud Platform,1,APAC,4,1,Inside Sales,Software,5056,1227.2,0,0
DEAL-014,2026-08-05T10:00:00Z,240643.75,0.262,90,0.231,6.7,9,Hardware Hybrid,1,APAC,2,0,Inside Sales,Financial Services,13688,560.6,0,0
DEAL-015,2026-08-07T10:00:00Z,128311.72,0.381,60,0.368,8.5,19,Enterprise Custom,1,LATAM,4,0,Partner,Healthcare,14828,1866.8,0,0
DEAL-016,2026-08-28T10:00:00Z,655223.99,0.392,60,0.503,1.2,24,Cloud Platform,0,LATAM,12,0,Partner,Manufacturing,13000,1405.5,1,1
DEAL-017,2026-08-09T10:00:00Z,66565.1,0.118,90,0.261,1.6,25,Cloud Platform,0,APAC,12,1,Inside Sales,Retail,5525,1879.1,0,1
DEAL-018,2026-08-22T10:00:00Z,355475.72,0.394,30,0.304,6.2,9,Standard Modular,1,LATAM,2,0,Partner,Financial Services,1246,1898.3,1,0
DEAL-019,2026-08-15T10:00:00Z,538045.89,0.244,60,0.318,9.5,22,Enterprise Custom,1,APAC,8,0,Partner,Healthcare,3543,865.5,1,0
DEAL-020,2026-08-21T10:00:00Z,115371.04,0.383,60,0.419,3.0,7,Enterprise Custom,0,North America,2,0,Partner,Retail,14022,1539.3,1,1
DEAL-021,2026-08-18T10:00:00Z,594894.28,0.127,120,0.17,3.2,4,Hardware Hybrid,0,EMEA,9,1,Partner,Retail,13453,1441.4,1,1
DEAL-022,2026-08-23T10:00:00Z,586069.58,0.232,60,0.26,1.7,10,Enterprise Custom,0,APAC,7,1,Inside Sales,Logistics,2367,310.2,1,1
DEAL-023,2026-08-09T10:00:00Z,194784.07,0.197,30,0.493,7.9,13,Hardware Hybrid,1,North America,7,1,Partner,Financial Services,8918,1497.6,0,0
DEAL-024,2026-08-15T10:00:00Z,638353.96,0.372,30,0.513,6.3,22,Standard Modular,1,North America,12,1,Direct,Financial Services,3077,110.1,1,0
DEAL-025,2026-08-19T10:00:00Z,63568.3,0.239,90,0.24,1.6,21,Standard Modular,0,North America,5,0,Direct,Retail,2596,484.7,1,1
DEAL-026,2026-08-10T10:00:00Z,594454.32,0.107,90,0.193,1.2,10,Hardware Hybrid,0,LATAM,5,0,Inside Sales,Software,13708,1258.2,0,1
DEAL-027,2026-08-18T10:00:00Z,98269.72,0.277,30,0.49,8.4,4,Hardware Hybrid,1,APAC,12,1,Inside Sales,Manufacturing,7235,360.5,1,1
DEAL-028,2026-08-20T10:00:00Z,245249.77,0.208,120,0.378,7.0,11,Standard Modular,1,LATAM,7,0,Partner,Manufacturing,5913,1597.7,1,1
DEAL-029,2026-08-17T10:00:00Z,218949.24,0.192,60,0.426,6.8,16,Hardware Hybrid,1,North America,3,1,Direct,Financial Services,11434,494.2,1,1
DEAL-030,2026-08-27T10:00:00Z,134459.12,0.117,30,0.447,9.6,23,Enterprise Custom,1,EMEA,5,1,Partner,Software,9759,1953.4,1,1
DEAL-031,2026-08-28T10:00:00Z,81860.99,0.069,90,0.429,2.1,25,Hardware Hybrid,0,North America,2,1,Partner,Financial Services,7316,688.0,0,1
DEAL-032,2026-08-26T10:00:00Z,384410.43,0.338,120,0.347,6.2,22,Standard Modular,1,EMEA,4,1,Direct,Manufacturing,2040,1120.6,1,1
DEAL-033,2026-08-09T10:00:00Z,482892.85,0.321,120,0.33,5.0,19,Hardware Hybrid,0,APAC,11,0,Inside Sales,Software,1725,1895.7,0,0
DEAL-034,2026-08-08T10:00:00Z,512299.7,0.105,60,0.371,2.4,14,Hardware Hybrid,0,LATAM,6,0,Direct,Healthcare,11682,572.6,1,1
DEAL-035,2026-08-15T10:00:00Z,696737.73,0.326,60,0.32,5.9,21,Enterprise Custom,0,APAC,4,0,Direct,Manufacturing,13086,622.1,1,0
DEAL-036,2026-08-22T10:00:00Z,532074.59,0.295,90,0.35,5.4,3,Standard Modular,0,LATAM,7,1,Direct,Logistics,3850,1924.2,0,1
DEAL-037,2026-08-28T10:00:00Z,624994.87,0.252,60,0.338,6.9,9,Enterprise Custom,1,LATAM,12,1,Direct,Financial Services,5800,822.6,1,1
DEAL-038,2026-08-27T10:00:00Z,162577.4,0.194,120,0.265,9.5,25,Standard Modular,1,LATAM,3,1,Partner,Healthcare,1999,1940.7,1,1
DEAL-039,2026-08-16T10:00:00Z,741683.45,0.28,120,0.315,2.7,12,Hardware Hybrid,0,LATAM,2,0,Partner,Retail,2246,1856.1,1,1
DEAL-040,2026-08-10T10:00:00Z,134998.26,0.391,60,0.434,3.8,1,Hardware Hybrid,0,North America,5,0,Partner,Logistics,10712,1666.0,1,1
DEAL-041,2026-08-26T10:00:00Z,406210.41,0.146,120,0.542,3.2,18,Enterprise Custom,0,LATAM,5,0,Direct,Healthcare,12759,1582.1,1,1
DEAL-042,2026-08-11T10:00:00Z,405416.37,0.337,90,0.44,8.5,19,Hardware Hybrid,1,EMEA,9,1,Partner,Healthcare,9142,1528.1,1,0
DEAL-043,2026-08-02T10:00:00Z,658721.18,0.393,60,0.379,3.1,25,Hardware Hybrid,0,North America,7,1,Inside Sales,Financial Services,6425,1976.9,0,0
DEAL-044,2026-08-23T10:00:00Z,138372.39,0.388,90,0.498,8.9,15,Standard Modular,1,LATAM,2,0,Partner,Software,2629,158.9,1,0
DEAL-045,2026-08-24T10:00:00Z,328238.33,0.078,90,0.491,8.7,13,Cloud Platform,1,LATAM,10,0,Inside Sales,Logistics,3946,1266.0,1,1
DEAL-046,2026-08-26T10:00:00Z,113265.53,0.392,30,0.327,7.2,1,Standard Modular,1,APAC,2,1,Partner,Healthcare,7156,299.7,1,0
DEAL-047,2026-08-22T10:00:00Z,176039.82,0.111,120,0.398,3.2,19,Enterprise Custom,0,EMEA,9,1,Partner,Healthcare,11025,28.7,1,1
DEAL-048,2026-08-23T10:00:00Z,432618.7,0.076,90,0.545,3.7,14,Cloud Platform,0,LATAM,6,0,Partner,Financial Services,1847,482.0,1,1
DEAL-049,2026-08-24T10:00:00Z,256661.53,0.392,120,0.26,6.1,22,Standard Modular,1,LATAM,6,0,Inside Sales,Healthcare,3688,1276.9,1,0
DEAL-050,2026-08-14T10:00:00Z,587229.54,0.288,60,0.401,9.1,21,Standard Modular,1,APAC,9,0,Inside Sales,Healthcare,12098,271.5,1,0
DEAL-051,2026-08-24T10:00:00Z,172948.05,0.096,90,0.362,9.2,6,Cloud Platform,1,LATAM,6,1,Direct,Financial Services,1333,290.1,0,1
DEAL-052,2026-08-08T10:00:00Z,522084.36,0.189,90,0.186,4.6,9,Standard Modular,0,LATAM,7,1,Inside Sales,Financial Services,13574,1280.7,1,0
DEAL-053,2026-08-04T10:00:00Z,380033.81,0.267,90,0.516,3.0,3,Hardware Hybrid,0,APAC,12,1,Direct,Manufacturing,842,1893.1,1,1
DEAL-054,2026-08-12T10:00:00Z,118034.4,0.361,60,0.305,4.3,24,Hardware Hybrid,0,EMEA,8,0,Partner,Retail,6786,1878.7,1,0
DEAL-055,2026-08-07T10:00:00Z,202088.78,0.206,60,0.492,1.9,22,Cloud Platform,0,APAC,2,1,Partner,Manufacturing,2101,1898.5,1,1
DEAL-056,2026-08-26T10:00:00Z,499193.13,0.259,30,0.17,4.0,5,Enterprise Custom,0,North America,10,0,Inside Sales,Manufacturing,13421,1740.7,1,1
DEAL-057,2026-08-05T10:00:00Z,680371.72,0.051,60,0.545,5.9,6,Standard Modular,0,North America,4,0,Partner,Manufacturing,9747,654.3,0,1
DEAL-058,2026-08-01T10:00:00Z,569202.64,0.234,30,0.34,8.0,17,Standard Modular,1,LATAM,10,0,Inside Sales,Logistics,12015,1568.6,1,1
DEAL-059,2026-08-20T10:00:00Z,92577.79,0.218,120,0.321,2.0,23,Hardware Hybrid,0,North America,3,1,Inside Sales,Manufacturing,1176,261.1,1,1
DEAL-060,2026-08-11T10:00:00Z,421389.79,0.209,120,0.19,7.3,21,Enterprise Custom,1,LATAM,9,0,Partner,Healthcare,13656,912.5,1,1
DEAL-061,2026-08-19T10:00:00Z,348734.8,0.283,90,0.531,7.2,16,Standard Modular,1,North America,3,0,Partner,Logistics,12299,1480.2,0,0
DEAL-062,2026-08-08T10:00:00Z,719637.24,0.247,30,0.314,8.9,25,Hardware Hybrid,1,North America,6,1,Partner,Logistics,9568,1019.8,0,0
DEAL-063,2026-08-12T10:00:00Z,643092.39,0.173,90,0.196,3.5,8,Hardware Hybrid,0,North America,11,1,Direct,Manufacturing,4577,1408.4,1,1
DEAL-064,2026-08-19T10:00:00Z,54274.05,0.354,120,0.178,7.7,1,Standard Modular,1,EMEA,8,1,Partner,Healthcare,2678,746.4,1,0
DEAL-065,2026-08-04T10:00:00Z,467356.64,0.359,60,0.213,6.6,22,Standard Modular,1,APAC,9,1,Partner,Retail,7342,834.2,0,0
DEAL-066,2026-08-04T10:00:00Z,291621.0,0.089,120,0.361,3.8,8,Hardware Hybrid,0,North America,2,0,Partner,Manufacturing,12672,283.1,1,1
DEAL-067,2026-08-19T10:00:00Z,55410.93,0.311,60,0.202,5.8,8,Cloud Platform,0,North America,8,0,Partner,Logistics,7632,1843.1,1,0
DEAL-068,2026-08-13T10:00:00Z,333096.02,0.274,90,0.196,1.2,11,Enterprise Custom,0,LATAM,7,0,Partner,Logistics,4086,877.0,1,1
DEAL-069,2026-08-07T10:00:00Z,659367.09,0.311,60,0.283,2.5,17,Standard Modular,0,EMEA,7,1,Inside Sales,Software,13453,303.9,0,0
DEAL-070,2026-08-10T10:00:00Z,171449.32,0.104,30,0.221,8.0,16,Hardware Hybrid,1,LATAM,12,1,Inside Sales,Healthcare,2573,885.1,1,1
DEAL-071,2026-08-17T10:00:00Z,607430.78,0.257,90,0.353,3.8,15,Standard Modular,0,North America,7,1,Direct,Software,14259,1955.0,0,0
DEAL-072,2026-08-03T10:00:00Z,319137.73,0.253,30,0.33,8.3,21,Enterprise Custom,1,APAC,11,1,Inside Sales,Manufacturing,1113,906.5,1,1
DEAL-073,2026-08-21T10:00:00Z,403184.3,0.11,60,0.433,9.9,17,Enterprise Custom,1,APAC,7,1,Partner,Financial Services,12788,683.4,0,1
DEAL-074,2026-08-23T10:00:00Z,284254.54,0.165,120,0.264,7.5,22,Enterprise Custom,1,APAC,3,0,Partner,Healthcare,10848,1400.0,1,0
DEAL-075,2026-08-25T10:00:00Z,706601.54,0.158,120,0.407,4.0,5,Standard Modular,0,LATAM,10,1,Direct,Healthcare,5160,368.7,0,1
DEAL-076,2026-08-02T10:00:00Z,390389.64,0.129,60,0.212,3.7,4,Standard Modular,0,APAC,11,0,Inside Sales,Financial Services,2627,332.9,0,1
DEAL-077,2026-08-19T10:00:00Z,337601.03,0.287,60,0.538,6.5,25,Hardware Hybrid,1,EMEA,10,0,Partner,Financial Services,14910,1671.9,1,1
DEAL-078,2026-08-04T10:00:00Z,739107.86,0.212,90,0.461,5.5,14,Enterprise Custom,0,EMEA,11,0,Partner,Logistics,10605,966.4,1,1
DEAL-079,2026-08-13T10:00:00Z,547980.68,0.231,30,0.264,7.9,9,Hardware Hybrid,1,EMEA,8,0,Direct,Financial Services,14593,705.7,0,0
DEAL-080,2026-08-01T10:00:00Z,401404.98,0.133,30,0.3,1.3,4,Cloud Platform,0,EMEA,4,0,Partner,Financial Services,11504,1663.9,1,1
DEAL-081,2026-08-27T10:00:00Z,684100.24,0.057,60,0.484,5.9,24,Hardware Hybrid,0,North America,6,0,Partner,Logistics,882,484.5,1,1
DEAL-082,2026-08-03T10:00:00Z,683602.82,0.259,30,0.403,6.2,23,Enterprise Custom,1,APAC,8,0,Inside Sales,Healthcare,4041,1145.6,0,0
DEAL-083,2026-08-24T10:00:00Z,416439.19,0.176,30,0.306,5.2,21,Hardware Hybrid,0,APAC,6,0,Partner,Logistics,5749,489.8,0,1
DEAL-084,2026-08-07T10:00:00Z,579675.25,0.097,90,0.368,8.3,6,Hardware Hybrid,1,LATAM,12,0,Direct,Logistics,11831,1554.6,1,1
DEAL-085,2026-08-26T10:00:00Z,80664.39,0.12,30,0.276,3.8,13,Hardware Hybrid,0,APAC,2,0,Partner,Healthcare,14225,1563.9,1,1
DEAL-086,2026-08-11T10:00:00Z,307613.42,0.361,120,0.508,4.5,6,Hardware Hybrid,0,LATAM,7,1,Direct,Software,7055,167.1,0,0
DEAL-087,2026-08-26T10:00:00Z,121818.54,0.165,90,0.273,6.4,14,Enterprise Custom,1,LATAM,7,1,Direct,Software,14354,1824.1,1,1
DEAL-088,2026-08-19T10:00:00Z,713533.07,0.076,120,0.295,8.2,22,Enterprise Custom,1,North America,4,1,Direct,Manufacturing,1201,479.6,1,1
DEAL-089,2026-08-06T10:00:00Z,72669.73,0.104,120,0.53,4.3,25,Standard Modular,0,EMEA,10,1,Partner,Healthcare,10742,564.6,0,1
DEAL-090,2026-08-15T10:00:00Z,399330.77,0.185,30,0.255,3.3,15,Enterprise Custom,0,APAC,9,0,Direct,Manufacturing,14072,157.4,0,1
DEAL-091,2026-08-08T10:00:00Z,748083.68,0.334,90,0.417,7.4,18,Cloud Platform,1,APAC,4,0,Partner,Retail,3773,251.5,0,0
DEAL-092,2026-08-03T10:00:00Z,603261.14,0.059,90,0.337,9.8,5,Standard Modular,1,North America,6,1,Inside Sales,Software,7942,1056.1,1,1
DEAL-093,2026-08-06T10:00:00Z,137728.75,0.161,30,0.33,7.1,12,Enterprise Custom,1,EMEA,4,1,Inside Sales,Logistics,13721,257.1,0,0
DEAL-094,2026-08-06T10:00:00Z,275862.53,0.298,90,0.529,5.7,10,Standard Modular,0,APAC,5,1,Direct,Software,5061,1232.7,0,0
DEAL-095,2026-08-14T10:00:00Z,464265.91,0.253,60,0.413,7.5,20,Cloud Platform,1,North America,2,0,Direct,Software,12732,1157.8,0,0
DEAL-096,2026-08-11T10:00:00Z,482675.9,0.061,90,0.407,3.7,8,Hardware Hybrid,0,APAC,9,0,Inside Sales,Logistics,2689,884.8,1,1
DEAL-097,2026-08-04T10:00:00Z,474662.18,0.159,90,0.444,8.7,13,Enterprise Custom,1,APAC,10,0,Partner,Manufacturing,7742,253.8,1,1
DEAL-098,2026-08-03T10:00:00Z,85423.7,0.381,120,0.249,8.8,6,Cloud Platform,1,APAC,5,0,Partner,Retail,7748,1002.5,1,0
DEAL-099,2026-08-09T10:00:00Z,711662.96,0.227,60,0.236,4.2,2,Cloud Platform,0,LATAM,11,1,Partner,Retail,233,1695.9,1,0
DEAL-100,2026-08-20T10:00:00Z,559255.64,0.317,90,0.168,1.5,18,Enterprise Custom,0,APAC,10,1,Direct,Financial Services,8361,906.2,1,1
DEAL-101,2026-08-17T10:00:00Z,526279.05,0.092,30,0.308,8.2,11,Cloud Platform,1,EMEA,5,1,Inside Sales,Logistics,842,87.4,1,1
DEAL-102,2026-08-01T10:00:00Z,369891.99,0.262,60,0.281,6.5,6,Hardware Hybrid,1,APAC,11,1,Inside Sales,Retail,8821,984.8,1,1
DEAL-103,2026-08-22T10:00:00Z,307850.47,0.286,120,0.383,8.2,24,Standard Modular,1,LATAM,6,0,Inside Sales,Logistics,9660,966.1,1,0
DEAL-104,2026-08-17T10:00:00Z,219537.59,0.25,30,0.226,5.0,14,Enterprise Custom,0,LATAM,5,1,Inside Sales,Retail,7826,1746.9,0,0
DEAL-105,2026-08-07T10:00:00Z,195139.19,0.164,120,0.36,3.8,6,Hardware Hybrid,0,APAC,10,1,Inside Sales,Software,11253,1290.2,1,1
DEAL-106,2026-08-19T10:00:00Z,720136.18,0.148,90,0.24,9.8,10,Cloud Platform,1,EMEA,9,1,Partner,Healthcare,9283,1868.1,1,0
DEAL-107,2026-08-27T10:00:00Z,523635.57,0.183,120,0.477,9.6,5,Cloud Platform,1,North America,6,0,Partner,Financial Services,10847,520.3,1,1
DEAL-108,2026-08-04T10:00:00Z,427004.55,0.377,90,0.205,6.5,19,Enterprise Custom,1,EMEA,2,0,Inside Sales,Manufacturing,960,209.4,1,0
DEAL-109,2026-08-08T10:00:00Z,526834.39,0.098,60,0.313,9.4,16,Hardware Hybrid,1,EMEA,6,1,Partner,Software,1069,1816.8,0,1
DEAL-110,2026-08-04T10:00:00Z,424606.59,0.303,30,0.515,2.6,6,Standard Modular,0,LATAM,9,0,Inside Sales,Healthcare,14464,84.6,1,1
DEAL-111,2026-08-01T10:00:00Z,699918.39,0.167,120,0.546,5.9,16,Enterprise Custom,0,LATAM,6,0,Direct,Healthcare,2762,1464.9,1,1
DEAL-112,2026-08-08T10:00:00Z,565632.53,0.327,60,0.22,8.7,13,Hardware Hybrid,1,APAC,3,1,Inside Sales,Logistics,3127,1963.6,1,0
DEAL-113,2026-08-13T10:00:00Z,54781.08,0.184,120,0.452,9.6,10,Standard Modular,1,APAC,12,1,Inside Sales,Manufacturing,1117,1338.9,1,1
DEAL-114,2026-08-18T10:00:00Z,530251.53,0.373,90,0.426,6.7,10,Cloud Platform,1,EMEA,5,0,Partner,Manufacturing,7554,1498.0,1,0
DEAL-115,2026-08-05T10:00:00Z,688957.82,0.315,60,0.455,7.1,20,Standard Modular,1,LATAM,10,1,Direct,Retail,1938,132.9,0,0
DEAL-116,2026-08-18T10:00:00Z,165176.01,0.349,120,0.196,2.8,19,Hardware Hybrid,0,North America,10,1,Direct,Financial Services,2261,1031.4,1,1
DEAL-117,2026-08-03T10:00:00Z,373664.81,0.332,30,0.308,8.3,24,Enterprise Custom,1,North America,2,1,Partner,Software,1144,1086.9,0,0
DEAL-118,2026-08-12T10:00:00Z,740296.07,0.215,90,0.314,7.9,25,Hardware Hybrid,1,APAC,8,1,Partner,Financial Services,1414,1368.6,0,0
DEAL-119,2026-08-08T10:00:00Z,133043.22,0.397,120,0.362,7.6,8,Standard Modular,1,North America,6,1,Inside Sales,Software,9020,854.0,1,1
DEAL-120,2026-08-22T10:00:00Z,372437.69,0.104,60,0.525,7.5,4,Standard Modular,1,LATAM,11,0,Direct,Manufacturing,1202,210.8,0,1
DEAL-121,2026-08-05T10:00:00Z,542300.39,0.067,30,0.311,3.1,7,Standard Modular,0,EMEA,10,1,Direct,Software,9538,644.6,1,1
DEAL-122,2026-08-14T10:00:00Z,739986.89,0.232,120,0.27,1.5,19,Enterprise Custom,0,LATAM,10,1,Direct,Healthcare,10640,1346.0,1,1
DEAL-123,2026-08-11T10:00:00Z,154452.33,0.182,120,0.246,3.0,23,Enterprise Custom,0,LATAM,2,1,Partner,Retail,8783,276.8,0,0
DEAL-124,2026-08-28T10:00:00Z,502694.1,0.373,90,0.187,7.5,7,Standard Modular,1,APAC,8,0,Direct,Manufacturing,13283,1525.8,0,0
DEAL-125,2026-08-18T10:00:00Z,684922.98,0.156,30,0.235,2.7,24,Standard Modular,0,LATAM,5,0,Partner,Manufacturing,9145,650.0,1,1
DEAL-126,2026-08-01T10:00:00Z,504104.94,0.158,90,0.355,5.5,4,Hardware Hybrid,0,APAC,5,1,Partner,Financial Services,849,1129.4,0,1
DEAL-127,2026-08-24T10:00:00Z,232541.88,0.377,120,0.268,2.8,8,Hardware Hybrid,0,EMEA,9,1,Partner,Financial Services,11954,1287.0,1,0
DEAL-128,2026-08-05T10:00:00Z,606482.86,0.109,120,0.224,9.0,21,Standard Modular,1,North America,3,0,Direct,Financial Services,2352,1686.7,0,0
DEAL-129,2026-08-10T10:00:00Z,56399.02,0.227,90,0.174,6.7,20,Hardware Hybrid,1,LATAM,2,0,Inside Sales,Retail,6839,33.6,1,1
DEAL-130,2026-08-03T10:00:00Z,61999.82,0.335,120,0.472,9.2,4,Standard Modular,1,EMEA,5,0,Inside Sales,Retail,4235,1632.3,1,1
DEAL-131,2026-08-03T10:00:00Z,311136.11,0.192,60,0.546,3.0,22,Standard Modular,0,North America,3,1,Partner,Financial Services,9155,957.3,0,1
DEAL-132,2026-08-19T10:00:00Z,399900.88,0.202,90,0.376,8.7,4,Standard Modular,1,EMEA,5,1,Partner,Logistics,1318,1372.0,1,1
DEAL-133,2026-08-18T10:00:00Z,510676.47,0.113,90,0.156,2.9,5,Hardware Hybrid,0,North America,6,0,Inside Sales,Manufacturing,9384,1671.0,1,1
DEAL-134,2026-08-11T10:00:00Z,282210.89,0.314,60,0.466,7.2,3,Cloud Platform,1,North America,3,1,Direct,Logistics,5680,1214.3,1,1
DEAL-135,2026-08-05T10:00:00Z,70737.96,0.146,120,0.346,4.2,13,Hardware Hybrid,0,EMEA,12,1,Direct,Retail,4939,1598.1,0,0
DEAL-136,2026-08-18T10:00:00Z,316000.0,0.324,60,0.446,3.9,4,Standard Modular,0,North America,6,1,Partner,Healthcare,1774,273.7,0,0
DEAL-137,2026-08-06T10:00:00Z,438318.0,0.193,30,0.186,6.0,20,Cloud Platform,0,LATAM,2,1,Partner,Financial Services,12865,178.6,0,0
DEAL-138,2026-08-24T10:00:00Z,529721.19,0.109,90,0.27,5.4,3,Enterprise Custom,0,LATAM,6,1,Partner,Financial Services,12923,163.1,1,1
DEAL-139,2026-08-20T10:00:00Z,487523.58,0.258,60,0.333,2.2,1,Hardware Hybrid,0,APAC,11,1,Partner,Financial Services,5584,866.9,0,0
DEAL-140,2026-08-19T10:00:00Z,713095.25,0.12,90,0.221,4.6,11,Cloud Platform,0,LATAM,11,0,Partner,Financial Services,4692,1634.8,1,1
DEAL-141,2026-08-05T10:00:00Z,189860.03,0.399,60,0.423,6.0,24,Hardware Hybrid,0,EMEA,9,1,Inside Sales,Logistics,13517,1697.1,1,1
DEAL-142,2026-08-12T10:00:00Z,493335.23,0.135,60,0.436,8.1,3,Hardware Hybrid,1,LATAM,11,1,Inside Sales,Retail,14348,1386.5,0,1
DEAL-143,2026-08-14T10:00:00Z,541144.0,0.334,30,0.194,3.2,22,Cloud Platform,0,EMEA,12,0,Inside Sales,Software,11199,1297.0,1,1
DEAL-144,2026-08-01T10:00:00Z,124161.19,0.085,60,0.354,5.7,19,Enterprise Custom,0,LATAM,7,1,Partner,Software,9743,1384.0,0,1
DEAL-145,2026-08-23T10:00:00Z,387939.76,0.153,30,0.196,9.5,5,Cloud Platform,1,APAC,7,1,Direct,Retail,8012,703.1,0,0
DEAL-146,2026-08-13T10:00:00Z,366713.04,0.074,30,0.474,2.0,11,Standard Modular,0,EMEA,5,0,Inside Sales,Manufacturing,5522,1124.1,1,1
DEAL-147,2026-08-26T10:00:00Z,490832.22,0.115,120,0.308,7.6,7,Hardware Hybrid,1,LATAM,8,0,Inside Sales,Manufacturing,3471,563.9,0,1
DEAL-148,2026-08-20T10:00:00Z,660385.53,0.115,90,0.229,2.0,22,Hardware Hybrid,0,APAC,11,1,Inside Sales,Financial Services,9717,237.3,1,1
DEAL-149,2026-08-14T10:00:00Z,170769.26,0.286,90,0.517,6.3,22,Enterprise Custom,1,APAC,3,0,Partner,Logistics,3099,752.9,0,0
DEAL-150,2026-08-01T10:00:00Z,467498.07,0.251,120,0.224,6.7,23,Enterprise Custom,1,EMEA,9,1,Direct,Manufacturing,5254,1685.6,0,0
